{
"lengthUnit": "mil",
"remark": [],
"components": {
	"fields": ["COMPONENT_NO", "COMPONENT_NAME", "LAYER", "X_COORDINATE", "Y_COORDINATE", "ANGLE"],
	"rows": [
		[1, "C1", "T", -5187.46, -1130.1, 0],
		[2, "C2", "T", -3532.46, -650.1, 90],
		[3, "C3", "T", -3607.46, -690.1, 90],
		[4, "C4", "T", -3562.46, -515.1, 0],
		[5, "C5", "T", -4347.46, -1120.1, 0],
		[6, "C6", "T", -3562.46, -1115.1, 0],
		[7, "C7", "T", -2797.46, -1125.1, 0],
		[8, "D1", "T", -3677.46, -520.1, 90],
		[9, "U1", "T", -3022.46, -545.1, 90],
		[10, "USB1", "T", -2252.46, -680.1, 90],
		[11, "USB2", "T", -2607.46, -1355.1, 0],
		[12, "USB3", "T", -3377.46, -1355.1, 0],
		[13, "USB4", "T", -4177.46, -1355.1, 0],
		[14, "USB5", "T", -4977.46, -1355.1, 0],
		[15, "PAD1", "T", -5159.9, -1130.1, 0],
		[16, "PAD2", "T", -5215.02, -1130.1, 0],
		[17, "PAD3", "T", -3532.46, -622.54, 0],
		[18, "PAD4", "T", -3532.46, -677.66, 0],
		[19, "PAD5", "T", -3607.46, -662.54, 0],
		[20, "PAD6", "T", -3607.46, -717.66, 0],
		[21, "PAD7", "T", -3534.9, -515.1, 0],
		[22, "PAD8", "T", -3590.02, -515.1, 0],
		[23, "PAD9", "T", -4319.9, -1120.1, 0],
		[24, "PAD10", "T", -4375.02, -1120.1, 0],
		[25, "PAD11", "T", -3534.9, -1115.1, 0],
		[26, "PAD12", "T", -3590.02, -1115.1, 0],
		[27, "PAD13", "T", -2769.9, -1125.1, 0],
		[28, "PAD14", "T", -2825.02, -1125.1, 0],
		[29, "PAD15", "T", -3677.46, -473.94, 0],
		[30, "PAD16", "T", -3677.46, -566.26, 0],
		[31, "PAD17", "T", -2909.37, -720.1, 0],
		[32, "PAD18", "T", -2909.37, -670.1, 0],
		[33, "PAD19", "T", -2909.37, -620.1, 0],
		[34, "PAD20", "T", -2909.37, -570.1, 0],
		[35, "PAD21", "T", -2909.37, -520.1, 0],
		[36, "PAD22", "T", -2909.37, -470.1, 0],
		[37, "PAD23", "T", -2909.37, -420.1, 0],
		[38, "PAD24", "T", -2909.37, -370.1, 0],
		[39, "PAD25", "T", -3135.55, -720.1, 0],
		[40, "PAD26", "T", -3135.55, -620.1, 0],
		[41, "PAD27", "T", -3135.55, -570.1, 0],
		[42, "PAD28", "T", -3135.55, -520.1, 0],
		[43, "PAD29", "T", -3135.55, -470.1, 0],
		[44, "PAD30", "T", -3135.55, -420.1, 0],
		[45, "PAD31", "T", -3135.55, -370.1, 0],
		[46, "PAD32", "T", -2213.09, -908.45, 0],
		[47, "PAD32", "B", -2213.09, -908.45, 0],
		[48, "PAD33", "T", -2213.09, -451.75, 0],
		[49, "PAD33", "B", -2213.09, -451.75, 0],
		[50, "PAD34", "T", -2291.83, -542.31, 0],
		[51, "PAD34", "B", -2291.83, -542.31, 0],
		[52, "PAD35", "T", -2291.83, -640.73, 0],
		[53, "PAD35", "B", -2291.83, -640.73, 0],
		[54, "PAD36", "T", -2291.83, -719.47, 0],
		[55, "PAD36", "B", -2291.83, -719.47, 0],
		[56, "PAD37", "T", -2291.83, -817.9, 0],
		[57, "PAD37", "B", -2291.83, -817.9, 0],
		[58, "PAD38", "T", -2883.05, -1408.45, 0],
		[59, "PAD38", "B", -2883.05, -1408.45, 0],
		[60, "PAD39", "T", -2331.87, -1408.45, 0],
		[61, "PAD39", "B", -2331.87, -1408.45, 0],
		[62, "PAD40", "T", -2469.67, -1301.76, 0],
		[63, "PAD40", "B", -2469.67, -1301.76, 0],
		[64, "PAD41", "T", -2568.09, -1301.76, 0],
		[65, "PAD41", "B", -2568.09, -1301.76, 0],
		[66, "PAD42", "T", -2646.83, -1301.76, 0],
		[67, "PAD42", "B", -2646.83, -1301.76, 0],
		[68, "PAD43", "T", -2745.26, -1301.76, 0],
		[69, "PAD43", "B", -2745.26, -1301.76, 0],
		[70, "PAD44", "T", -3653.05, -1408.45, 0],
		[71, "PAD44", "B", -3653.05, -1408.45, 0],
		[72, "PAD45", "T", -3101.87, -1408.45, 0],
		[73, "PAD45", "B", -3101.87, -1408.45, 0],
		[74, "PAD46", "T", -3239.67, -1301.76, 0],
		[75, "PAD46", "B", -3239.67, -1301.76, 0],
		[76, "PAD47", "T", -3338.09, -1301.76, 0],
		[77, "PAD47", "B", -3338.09, -1301.76, 0],
		[78, "PAD48", "T", -3416.83, -1301.76, 0],
		[79, "PAD48", "B", -3416.83, -1301.76, 0],
		[80, "PAD49", "T", -3515.26, -1301.76, 0],
		[81, "PAD49", "B", -3515.26, -1301.76, 0],
		[82, "PAD50", "T", -4453.05, -1408.45, 0],
		[83, "PAD50", "B", -4453.05, -1408.45, 0],
		[84, "PAD51", "T", -3901.87, -1408.45, 0],
		[85, "PAD51", "B", -3901.87, -1408.45, 0],
		[86, "PAD52", "T", -4039.67, -1301.76, 0],
		[87, "PAD52", "B", -4039.67, -1301.76, 0],
		[88, "PAD53", "T", -4138.09, -1301.76, 0],
		[89, "PAD53", "B", -4138.09, -1301.76, 0],
		[90, "PAD54", "T", -4216.83, -1301.76, 0],
		[91, "PAD54", "B", -4216.83, -1301.76, 0],
		[92, "PAD55", "T", -4315.26, -1301.76, 0],
		[93, "PAD55", "B", -4315.26, -1301.76, 0],
		[94, "PAD56", "T", -5253.05, -1408.45, 0],
		[95, "PAD56", "B", -5253.05, -1408.45, 0],
		[96, "PAD57", "T", -4701.87, -1408.45, 0],
		[97, "PAD57", "B", -4701.87, -1408.45, 0],
		[98, "PAD58", "T", -4839.67, -1301.76, 0],
		[99, "PAD58", "B", -4839.67, -1301.76, 0],
		[100, "PAD59", "T", -4938.09, -1301.76, 0],
		[101, "PAD59", "B", -4938.09, -1301.76, 0],
		[102, "PAD60", "T", -5016.83, -1301.76, 0],
		[103, "PAD60", "B", -5016.83, -1301.76, 0],
		[104, "PAD61", "T", -5115.26, -1301.76, 0],
		[105, "PAD61", "B", -5115.26, -1301.76, 0]
	]
},
"pins": {
	"fields": ["PIN_NO", "PIN_NAME", "PIN_X", "PIN_Y", "LAYER", "PIN_TYPE", "NET_NAME", "NET_TYPE", "PAD_SHAPE", "PAD_SIZEX", "PAD_SIZEY", "HOLE_SIZE", "HOLE_LEN", "PAD_ANGLE"],
	"rows": [
		[1, "C1_1", -5215.02, -1130.1, "T", "SMD", "GND", "GND", "R", 31.496, 35.433, 0, 0, 0],
		[2, "C1_2", -5159.9, -1130.1, "T", "SMD", "+5V", "", "R", 31.496, 35.433, 0, 0, 0],
		[3, "C2_1", -3532.46, -677.66, "T", "SMD", "U1_13", "", "R", 31.496, 35.433, 0, 0, 90],
		[4, "C2_2", -3532.46, -622.54, "T", "SMD", "GND", "GND", "R", 31.496, 35.433, 0, 0, 90],
		[5, "C3_1", -3607.46, -717.66, "T", "SMD", "U1_14", "", "R", 31.496, 35.433, 0, 0, 90],
		[6, "C3_2", -3607.46, -662.54, "T", "SMD", "GND", "GND", "R", 31.496, 35.433, 0, 0, 90],
		[7, "C4_1", -3590.02, -515.1, "T", "SMD", "+5V", "", "R", 31.496, 35.433, 0, 0, 0],
		[8, "C4_2", -3534.9, -515.1, "T", "SMD", "GND", "GND", "R", 31.496, 35.433, 0, 0, 0],
		[9, "C5_1", -4375.02, -1120.1, "T", "SMD", "+5V", "", "R", 31.496, 35.433, 0, 0, 0],
		[10, "C5_2", -4319.9, -1120.1, "T", "SMD", "GND", "GND", "R", 31.496, 35.433, 0, 0, 0],
		[11, "C6_1", -3590.02, -1115.1, "T", "SMD", "+5V", "", "R", 31.496, 35.433, 0, 0, 0],
		[12, "C6_2", -3534.9, -1115.1, "T", "SMD", "GND", "GND", "R", 31.496, 35.433, 0, 0, 0],
		[13, "C7_1", -2825.02, -1125.1, "T", "SMD", "+5V", "", "R", 31.496, 35.433, 0, 0, 0],
		[14, "C7_2", -2769.9, -1125.1, "T", "SMD", "GND", "GND", "R", 31.496, 35.433, 0, 0, 0],
		[15, "D1_1", -3677.46, -566.26, "T", "SMD", "+5V", "", "R", 39.37, 29.528, 0, 0, 90],
		[16, "D1_2", -3677.46, -473.94, "T", "SMD", "USB1_1", "", "R", 39.37, 29.528, 0, 0, 90],
		[17, "U1_1", -2909.37, -720.1, "T", "SMD", "U1_1", "", "O", 22.047, 68.701, 0, 0, 90],
		[18, "U1_2", -2909.37, -670.1, "T", "SMD", "U1_2", "", "O", 22.047, 68.701, 0, 0, 90],
		[19, "U1_3", -2909.37, -620.1, "T", "SMD", "U1_3", "", "O", 22.047, 68.701, 0, 0, 90],
		[20, "U1_4", -2909.37, -570.1, "T", "SMD", "U1_4", "", "O", 22.047, 68.701, 0, 0, 90],
		[21, "U1_5", -2909.37, -520.1, "T", "SMD", "U1_5", "", "O", 22.047, 68.701, 0, 0, 90],
		[22, "U1_6", -2909.37, -470.1, "T", "SMD", "U1_6", "", "O", 22.047, 68.701, 0, 0, 90],
		[23, "U1_7", -2909.37, -420.1, "T", "SMD", "U1_7", "", "O", 22.047, 68.701, 0, 0, 90],
		[24, "U1_8", -2909.37, -370.1, "T", "SMD", "U1_8", "", "O", 22.047, 68.701, 0, 0, 90],
		[25, "U1_9", -3135.55, -370.1, "T", "SMD", "USB1_2", "", "O", 22.047, 68.701, 0, 0, 90],
		[26, "U1_10", -3135.55, -420.1, "T", "SMD", "USB1_3", "", "O", 22.047, 68.701, 0, 0, 90],
		[27, "U1_11", -3135.55, -470.1, "T", "SMD", "+5V", "", "O", 22.047, 68.701, 0, 0, 90],
		[28, "U1_12", -3135.55, -520.1, "T", "SMD", "GND", "GND", "O", 22.047, 68.701, 0, 0, 90],
		[29, "U1_13", -3135.55, -570.1, "T", "SMD", "U1_13", "", "O", 22.047, 68.701, 0, 0, 90],
		[30, "U1_14", -3135.55, -620.1, "T", "SMD", "U1_14", "", "O", 22.047, 68.701, 0, 0, 90],
		[31, "U1_15", -3135.55, -670.1, "T", "SMD", "NET_1", "", "O", 22.047, 68.701, 0, 0, 90],
		[32, "U1_16", -3135.55, -720.1, "T", "SMD", "GND", "GND", "O", 22.047, 68.701, 0, 0, 90],
		[33, "USB1_1", -2291.83, -542.31, "T", "DIP", "USB1_1", "", "R", 62.992, 62.992, 39.37, 39.37, 90],
		[34, "USB1_1", -2291.83, -542.31, "B", "DIP", "USB1_1", "", "R", 62.992, 62.992, 39.37, 39.37, 90],
		[35, "USB1_2", -2291.83, -640.73, "T", "DIP", "USB1_2", "", "C", 62.992, 62.992, 39.37, 39.37, 90],
		[36, "USB1_2", -2291.83, -640.73, "B", "DIP", "USB1_2", "", "C", 62.992, 62.992, 39.37, 39.37, 90],
		[37, "USB1_3", -2291.83, -719.47, "T", "DIP", "USB1_3", "", "C", 62.992, 62.992, 39.37, 39.37, 90],
		[38, "USB1_3", -2291.83, -719.47, "B", "DIP", "USB1_3", "", "C", 62.992, 62.992, 39.37, 39.37, 90],
		[39, "USB1_4", -2291.83, -817.9, "T", "DIP", "GND", "GND", "C", 62.992, 62.992, 39.37, 39.37, 90],
		[40, "USB1_4", -2291.83, -817.9, "B", "DIP", "GND", "GND", "C", 62.992, 62.992, 39.37, 39.37, 90],
		[41, "USB1_5", -2213.09, -451.75, "T", "DIP", "GND", "GND", "R", 62.992, 110.236, 31.496, 98.425, 90],
		[42, "USB1_5", -2213.09, -451.75, "B", "DIP", "GND", "GND", "R", 62.992, 110.236, 31.496, 98.425, 90],
		[43, "USB1_6", -2213.09, -908.45, "T", "DIP", "GND", "GND", "R", 62.992, 110.236, 31.496, 98.425, 90],
		[44, "USB1_6", -2213.09, -908.45, "B", "DIP", "GND", "GND", "R", 62.992, 110.236, 31.496, 98.425, 90],
		[45, "USB2_1", -2745.26, -1301.76, "T", "DIP", "+5V", "", "R", 60, 60, 36.22, 36.22, 0],
		[46, "USB2_1", -2745.26, -1301.76, "B", "DIP", "+5V", "", "R", 60, 60, 36.22, 36.22, 0],
		[47, "USB2_2", -2646.83, -1301.76, "T", "DIP", "U1_1", "", "C", 60, 60, 36.22, 36.22, 0],
		[48, "USB2_2", -2646.83, -1301.76, "B", "DIP", "U1_1", "", "C", 60, 60, 36.22, 36.22, 0],
		[49, "USB2_3", -2568.09, -1301.76, "T", "DIP", "U1_2", "", "C", 60, 60, 36.22, 36.22, 0],
		[50, "USB2_3", -2568.09, -1301.76, "B", "DIP", "U1_2", "", "C", 60, 60, 36.22, 36.22, 0],
		[51, "USB2_4", -2469.67, -1301.76, "T", "DIP", "GND", "GND", "C", 60, 60, 36.22, 36.22, 0],
		[52, "USB2_4", -2469.67, -1301.76, "B", "DIP", "GND", "GND", "C", 60, 60, 36.22, 36.22, 0],
		[53, "USB2_5", -2331.87, -1408.45, "T", "DIP", "GND", "GND", "C", 102.362, 102.362, 82.678, 82.678, 0],
		[54, "USB2_5", -2331.87, -1408.45, "B", "DIP", "GND", "GND", "C", 102.362, 102.362, 82.678, 82.678, 0],
		[55, "USB2_6", -2883.05, -1408.45, "T", "DIP", "GND", "GND", "C", 102.362, 102.362, 82.678, 82.678, 0],
		[56, "USB2_6", -2883.05, -1408.45, "B", "DIP", "GND", "GND", "C", 102.362, 102.362, 82.678, 82.678, 0],
		[57, "USB3_1", -3515.26, -1301.76, "T", "DIP", "+5V", "", "R", 60, 60, 36.22, 36.22, 0],
		[58, "USB3_1", -3515.26, -1301.76, "B", "DIP", "+5V", "", "R", 60, 60, 36.22, 36.22, 0],
		[59, "USB3_2", -3416.83, -1301.76, "T", "DIP", "U1_3", "", "C", 60, 60, 36.22, 36.22, 0],
		[60, "USB3_2", -3416.83, -1301.76, "B", "DIP", "U1_3", "", "C", 60, 60, 36.22, 36.22, 0],
		[61, "USB3_3", -3338.09, -1301.76, "T", "DIP", "U1_4", "", "C", 60, 60, 36.22, 36.22, 0],
		[62, "USB3_3", -3338.09, -1301.76, "B", "DIP", "U1_4", "", "C", 60, 60, 36.22, 36.22, 0],
		[63, "USB3_4", -3239.67, -1301.76, "T", "DIP", "GND", "GND", "C", 60, 60, 36.22, 36.22, 0],
		[64, "USB3_4", -3239.67, -1301.76, "B", "DIP", "GND", "GND", "C", 60, 60, 36.22, 36.22, 0],
		[65, "USB3_5", -3101.87, -1408.45, "T", "DIP", "GND", "GND", "C", 102.362, 102.362, 82.678, 82.678, 0],
		[66, "USB3_5", -3101.87, -1408.45, "B", "DIP", "GND", "GND", "C", 102.362, 102.362, 82.678, 82.678, 0],
		[67, "USB3_6", -3653.05, -1408.45, "T", "DIP", "GND", "GND", "C", 102.362, 102.362, 82.678, 82.678, 0],
		[68, "USB3_6", -3653.05, -1408.45, "B", "DIP", "GND", "GND", "C", 102.362, 102.362, 82.678, 82.678, 0],
		[69, "USB4_1", -4315.26, -1301.76, "T", "DIP", "+5V", "", "R", 60, 60, 36.22, 36.22, 0],
		[70, "USB4_1", -4315.26, -1301.76, "B", "DIP", "+5V", "", "R", 60, 60, 36.22, 36.22, 0],
		[71, "USB4_2", -4216.83, -1301.76, "T", "DIP", "U1_5", "", "C", 60, 60, 36.22, 36.22, 0],
		[72, "USB4_2", -4216.83, -1301.76, "B", "DIP", "U1_5", "", "C", 60, 60, 36.22, 36.22, 0],
		[73, "USB4_3", -4138.09, -1301.76, "T", "DIP", "U1_6", "", "C", 60, 60, 36.22, 36.22, 0],
		[74, "USB4_3", -4138.09, -1301.76, "B", "DIP", "U1_6", "", "C", 60, 60, 36.22, 36.22, 0],
		[75, "USB4_4", -4039.67, -1301.76, "T", "DIP", "GND", "GND", "C", 60, 60, 36.22, 36.22, 0],
		[76, "USB4_4", -4039.67, -1301.76, "B", "DIP", "GND", "GND", "C", 60, 60, 36.22, 36.22, 0],
		[77, "USB4_5", -3901.87, -1408.45, "T", "DIP", "GND", "GND", "C", 102.362, 102.362, 82.678, 82.678, 0],
		[78, "USB4_5", -3901.87, -1408.45, "B", "DIP", "GND", "GND", "C", 102.362, 102.362, 82.678, 82.678, 0],
		[79, "USB4_6", -4453.05, -1408.45, "T", "DIP", "GND", "GND", "C", 102.362, 102.362, 82.678, 82.678, 0],
		[80, "USB4_6", -4453.05, -1408.45, "B", "DIP", "GND", "GND", "C", 102.362, 102.362, 82.678, 82.678, 0],
		[81, "USB5_1", -5115.26, -1301.76, "T", "DIP", "+5V", "", "R", 60, 60, 36.22, 36.22, 0],
		[82, "USB5_1", -5115.26, -1301.76, "B", "DIP", "+5V", "", "R", 60, 60, 36.22, 36.22, 0],
		[83, "USB5_2", -5016.83, -1301.76, "T", "DIP", "U1_7", "", "C", 60, 60, 36.22, 36.22, 0],
		[84, "USB5_2", -5016.83, -1301.76, "B", "DIP", "U1_7", "", "C", 60, 60, 36.22, 36.22, 0],
		[85, "USB5_3", -4938.09, -1301.76, "T", "DIP", "U1_8", "", "C", 60, 60, 36.22, 36.22, 0],
		[86, "USB5_3", -4938.09, -1301.76, "B", "DIP", "U1_8", "", "C", 60, 60, 36.22, 36.22, 0],
		[87, "USB5_4", -4839.67, -1301.76, "T", "DIP", "GND", "GND", "C", 60, 60, 36.22, 36.22, 0],
		[88, "USB5_4", -4839.67, -1301.76, "B", "DIP", "GND", "GND", "C", 60, 60, 36.22, 36.22, 0],
		[89, "USB5_5", -4701.87, -1408.45, "T", "DIP", "GND", "GND", "C", 102.362, 102.362, 82.678, 82.678, 0],
		[90, "USB5_5", -4701.87, -1408.45, "B", "DIP", "GND", "GND", "C", 102.362, 102.362, 82.678, 82.678, 0],
		[91, "USB5_6", -5253.05, -1408.45, "T", "DIP", "GND", "GND", "C", 102.362, 102.362, 82.678, 82.678, 0],
		[92, "USB5_6", -5253.05, -1408.45, "B", "DIP", "GND", "GND", "C", 102.362, 102.362, 82.678, 82.678, 0],
		[93, "PAD1_2", -5159.9, -1130.1, "T", "SMD", "+5V", "", "R", 31.496, 35.433, 0, 0, 0],
		[94, "PAD2_1", -5215.02, -1130.1, "T", "SMD", "GND", "GND", "R", 31.496, 35.433, 0, 0, 0],
		[95, "PAD3_2", -3532.46, -622.54, "T", "SMD", "GND", "GND", "R", 31.496, 35.433, 0, 0, 90],
		[96, "PAD4_1", -3532.46, -677.66, "T", "SMD", "U1_13", "", "R", 31.496, 35.433, 0, 0, 90],
		[97, "PAD5_2", -3607.46, -662.54, "T", "SMD", "GND", "GND", "R", 31.496, 35.433, 0, 0, 90],
		[98, "PAD6_1", -3607.46, -717.66, "T", "SMD", "U1_14", "", "R", 31.496, 35.433, 0, 0, 90],
		[99, "PAD7_2", -3534.9, -515.1, "T", "SMD", "GND", "GND", "R", 31.496, 35.433, 0, 0, 0],
		[100, "PAD8_1", -3590.02, -515.1, "T", "SMD", "+5V", "", "R", 31.496, 35.433, 0, 0, 0],
		[101, "PAD9_2", -4319.9, -1120.1, "T", "SMD", "GND", "GND", "R", 31.496, 35.433, 0, 0, 0],
		[102, "PAD10_1", -4375.02, -1120.1, "T", "SMD", "+5V", "", "R", 31.496, 35.433, 0, 0, 0],
		[103, "PAD11_2", -3534.9, -1115.1, "T", "SMD", "GND", "GND", "R", 31.496, 35.433, 0, 0, 0],
		[104, "PAD12_1", -3590.02, -1115.1, "T", "SMD", "+5V", "", "R", 31.496, 35.433, 0, 0, 0],
		[105, "PAD13_2", -2769.9, -1125.1, "T", "SMD", "GND", "GND", "R", 31.496, 35.433, 0, 0, 0],
		[106, "PAD14_1", -2825.02, -1125.1, "T", "SMD", "+5V", "", "R", 31.496, 35.433, 0, 0, 0],
		[107, "PAD15_2", -3677.46, -473.94, "T", "SMD", "USB1_1", "", "R", 39.37, 29.528, 0, 0, 90],
		[108, "PAD16_1", -3677.46, -566.26, "T", "SMD", "+5V", "", "R", 39.37, 29.528, 0, 0, 90],
		[109, "PAD17_1", -2909.37, -720.1, "T", "SMD", "U1_1", "", "O", 22.047, 68.701, 0, 0, 90],
		[110, "PAD18_2", -2909.37, -670.1, "T", "SMD", "U1_2", "", "O", 22.047, 68.701, 0, 0, 90],
		[111, "PAD19_3", -2909.37, -620.1, "T", "SMD", "U1_3", "", "O", 22.047, 68.701, 0, 0, 90],
		[112, "PAD20_4", -2909.37, -570.1, "T", "SMD", "U1_4", "", "O", 22.047, 68.701, 0, 0, 90],
		[113, "PAD21_5", -2909.37, -520.1, "T", "SMD", "U1_5", "", "O", 22.047, 68.701, 0, 0, 90],
		[114, "PAD22_6", -2909.37, -470.1, "T", "SMD", "U1_6", "", "O", 22.047, 68.701, 0, 0, 90],
		[115, "PAD23_7", -2909.37, -420.1, "T", "SMD", "U1_7", "", "O", 22.047, 68.701, 0, 0, 90],
		[116, "PAD24_8", -2909.37, -370.1, "T", "SMD", "U1_8", "", "O", 22.047, 68.701, 0, 0, 90],
		[117, "PAD25_16", -3135.55, -720.1, "T", "SMD", "GND", "GND", "O", 22.047, 68.701, 0, 0, 90],
		[118, "PAD26_14", -3135.55, -620.1, "T", "SMD", "U1_14", "", "O", 22.047, 68.701, 0, 0, 90],
		[119, "PAD27_13", -3135.55, -570.1, "T", "SMD", "U1_13", "", "O", 22.047, 68.701, 0, 0, 90],
		[120, "PAD28_12", -3135.55, -520.1, "T", "SMD", "GND", "GND", "O", 22.047, 68.701, 0, 0, 90],
		[121, "PAD29_11", -3135.55, -470.1, "T", "SMD", "+5V", "", "O", 22.047, 68.701, 0, 0, 90],
		[122, "PAD30_10", -3135.55, -420.1, "T", "SMD", "USB1_3", "", "O", 22.047, 68.701, 0, 0, 90],
		[123, "PAD31_9", -3135.55, -370.1, "T", "SMD", "USB1_2", "", "O", 22.047, 68.701, 0, 0, 90],
		[124, "PAD32_6", -2213.09, -908.45, "T", "DIP", "GND", "GND", "R", 62.992, 110.236, 31.496, 98.425, 90],
		[125, "PAD32_6", -2213.09, -908.45, "B", "DIP", "GND", "GND", "R", 62.992, 110.236, 31.496, 98.425, 90],
		[126, "PAD33_5", -2213.09, -451.75, "T", "DIP", "GND", "GND", "R", 62.992, 110.236, 31.496, 98.425, 90],
		[127, "PAD33_5", -2213.09, -451.75, "B", "DIP", "GND", "GND", "R", 62.992, 110.236, 31.496, 98.425, 90],
		[128, "PAD34_1", -2291.83, -542.31, "T", "DIP", "USB1_1", "", "R", 62.992, 62.992, 39.37, 39.37, 90],
		[129, "PAD34_1", -2291.83, -542.31, "B", "DIP", "USB1_1", "", "R", 62.992, 62.992, 39.37, 39.37, 90],
		[130, "PAD35_2", -2291.83, -640.73, "T", "DIP", "USB1_2", "", "C", 62.992, 62.992, 39.37, 39.37, 90],
		[131, "PAD35_2", -2291.83, -640.73, "B", "DIP", "USB1_2", "", "C", 62.992, 62.992, 39.37, 39.37, 90],
		[132, "PAD36_3", -2291.83, -719.47, "T", "DIP", "USB1_3", "", "C", 62.992, 62.992, 39.37, 39.37, 90],
		[133, "PAD36_3", -2291.83, -719.47, "B", "DIP", "USB1_3", "", "C", 62.992, 62.992, 39.37, 39.37, 90],
		[134, "PAD37_4", -2291.83, -817.9, "T", "DIP", "GND", "GND", "C", 62.992, 62.992, 39.37, 39.37, 90],
		[135, "PAD37_4", -2291.83, -817.9, "B", "DIP", "GND", "GND", "C", 62.992, 62.992, 39.37, 39.37, 90],
		[136, "PAD38_6", -2883.05, -1408.45, "T", "DIP", "GND", "GND", "C", 102.362, 102.362, 82.678, 82.678, 0],
		[137, "PAD38_6", -2883.05, -1408.45, "B", "DIP", "GND", "GND", "C", 102.362, 102.362, 82.678, 82.678, 0],
		[138, "PAD39_5", -2331.87, -1408.45, "T", "DIP", "GND", "GND", "C", 102.362, 102.362, 82.678, 82.678, 0],
		[139, "PAD39_5", -2331.87, -1408.45, "B", "DIP", "GND", "GND", "C", 102.362, 102.362, 82.678, 82.678, 0],
		[140, "PAD40_4", -2469.67, -1301.76, "T", "DIP", "GND", "GND", "C", 60, 60, 36.22, 36.22, 0],
		[141, "PAD40_4", -2469.67, -1301.76, "B", "DIP", "GND", "GND", "C", 60, 60, 36.22, 36.22, 0],
		[142, "PAD41_3", -2568.09, -1301.76, "T", "DIP", "U1_2", "", "C", 60, 60, 36.22, 36.22, 0],
		[143, "PAD41_3", -2568.09, -1301.76, "B", "DIP", "U1_2", "", "C", 60, 60, 36.22, 36.22, 0],
		[144, "PAD42_2", -2646.83, -1301.76, "T", "DIP", "U1_1", "", "C", 60, 60, 36.22, 36.22, 0],
		[145, "PAD42_2", -2646.83, -1301.76, "B", "DIP", "U1_1", "", "C", 60, 60, 36.22, 36.22, 0],
		[146, "PAD43_1", -2745.26, -1301.76, "T", "DIP", "+5V", "", "R", 60, 60, 36.22, 36.22, 0],
		[147, "PAD43_1", -2745.26, -1301.76, "B", "DIP", "+5V", "", "R", 60, 60, 36.22, 36.22, 0],
		[148, "PAD44_6", -3653.05, -1408.45, "T", "DIP", "GND", "GND", "C", 102.362, 102.362, 82.678, 82.678, 0],
		[149, "PAD44_6", -3653.05, -1408.45, "B", "DIP", "GND", "GND", "C", 102.362, 102.362, 82.678, 82.678, 0],
		[150, "PAD45_5", -3101.87, -1408.45, "T", "DIP", "GND", "GND", "C", 102.362, 102.362, 82.678, 82.678, 0],
		[151, "PAD45_5", -3101.87, -1408.45, "B", "DIP", "GND", "GND", "C", 102.362, 102.362, 82.678, 82.678, 0],
		[152, "PAD46_4", -3239.67, -1301.76, "T", "DIP", "GND", "GND", "C", 60, 60, 36.22, 36.22, 0],
		[153, "PAD46_4", -3239.67, -1301.76, "B", "DIP", "GND", "GND", "C", 60, 60, 36.22, 36.22, 0],
		[154, "PAD47_3", -3338.09, -1301.76, "T", "DIP", "U1_4", "", "C", 60, 60, 36.22, 36.22, 0],
		[155, "PAD47_3", -3338.09, -1301.76, "B", "DIP", "U1_4", "", "C", 60, 60, 36.22, 36.22, 0],
		[156, "PAD48_2", -3416.83, -1301.76, "T", "DIP", "U1_3", "", "C", 60, 60, 36.22, 36.22, 0],
		[157, "PAD48_2", -3416.83, -1301.76, "B", "DIP", "U1_3", "", "C", 60, 60, 36.22, 36.22, 0],
		[158, "PAD49_1", -3515.26, -1301.76, "T", "DIP", "+5V", "", "R", 60, 60, 36.22, 36.22, 0],
		[159, "PAD49_1", -3515.26, -1301.76, "B", "DIP", "+5V", "", "R", 60, 60, 36.22, 36.22, 0],
		[160, "PAD50_6", -4453.05, -1408.45, "T", "DIP", "GND", "GND", "C", 102.362, 102.362, 82.678, 82.678, 0],
		[161, "PAD50_6", -4453.05, -1408.45, "B", "DIP", "GND", "GND", "C", 102.362, 102.362, 82.678, 82.678, 0],
		[162, "PAD51_5", -3901.87, -1408.45, "T", "DIP", "GND", "GND", "C", 102.362, 102.362, 82.678, 82.678, 0],
		[163, "PAD51_5", -3901.87, -1408.45, "B", "DIP", "GND", "GND", "C", 102.362, 102.362, 82.678, 82.678, 0],
		[164, "PAD52_4", -4039.67, -1301.76, "T", "DIP", "GND", "GND", "C", 60, 60, 36.22, 36.22, 0],
		[165, "PAD52_4", -4039.67, -1301.76, "B", "DIP", "GND", "GND", "C", 60, 60, 36.22, 36.22, 0],
		[166, "PAD53_3", -4138.09, -1301.76, "T", "DIP", "U1_6", "", "C", 60, 60, 36.22, 36.22, 0],
		[167, "PAD53_3", -4138.09, -1301.76, "B", "DIP", "U1_6", "", "C", 60, 60, 36.22, 36.22, 0],
		[168, "PAD54_2", -4216.83, -1301.76, "T", "DIP", "U1_5", "", "C", 60, 60, 36.22, 36.22, 0],
		[169, "PAD54_2", -4216.83, -1301.76, "B", "DIP", "U1_5", "", "C", 60, 60, 36.22, 36.22, 0],
		[170, "PAD55_1", -4315.26, -1301.76, "T", "DIP", "+5V", "", "R", 60, 60, 36.22, 36.22, 0],
		[171, "PAD55_1", -4315.26, -1301.76, "B", "DIP", "+5V", "", "R", 60, 60, 36.22, 36.22, 0],
		[172, "PAD56_6", -5253.05, -1408.45, "T", "DIP", "GND", "GND", "C", 102.362, 102.362, 82.678, 82.678, 0],
		[173, "PAD56_6", -5253.05, -1408.45, "B", "DIP", "GND", "GND", "C", 102.362, 102.362, 82.678, 82.678, 0],
		[174, "PAD57_5", -4701.87, -1408.45, "T", "DIP", "GND", "GND", "C", 102.362, 102.362, 82.678, 82.678, 0],
		[175, "PAD57_5", -4701.87, -1408.45, "B", "DIP", "GND", "GND", "C", 102.362, 102.362, 82.678, 82.678, 0],
		[176, "PAD58_4", -4839.67, -1301.76, "T", "DIP", "GND", "GND", "C", 60, 60, 36.22, 36.22, 0],
		[177, "PAD58_4", -4839.67, -1301.76, "B", "DIP", "GND", "GND", "C", 60, 60, 36.22, 36.22, 0],
		[178, "PAD59_3", -4938.09, -1301.76, "T", "DIP", "U1_8", "", "C", 60, 60, 36.22, 36.22, 0],
		[179, "PAD59_3", -4938.09, -1301.76, "B", "DIP", "U1_8", "", "C", 60, 60, 36.22, 36.22, 0],
		[180, "PAD60_2", -5016.83, -1301.76, "T", "DIP", "U1_7", "", "C", 60, 60, 36.22, 36.22, 0],
		[181, "PAD60_2", -5016.83, -1301.76, "B", "DIP", "U1_7", "", "C", 60, 60, 36.22, 36.22, 0],
		[182, "PAD61_1", -5115.26, -1301.76, "T", "DIP", "+5V", "", "R", 60, 60, 36.22, 36.22, 0],
		[183, "PAD61_1", -5115.26, -1301.76, "B", "DIP", "+5V", "", "R", 60, 60, 36.22, 36.22, 0]
	]
}
}